{
  "asia": {
    "china": {
      "rank": 3,
      "name": "چین 🇨🇳",
      "gov": "جمهوری خلق تک‌حزبی",
      "lang": "چینی (ماندارین)",
      "religion": "الحادی رسمی"
    },
    "russia": {
      "rank": 3,
      "name": "روسیه 🇷🇺",
      "gov": "فدراسیون",
      "lang": "روسی",
      "religion": "بی‌طرف رسمی"
    },
    "kuwait": {
      "rank": 0,
      "name": "کویت 🇰🇼",
      "gov": "سلطنت مشروطه",
      "lang": "عربی",
      "religion": "اسلام سنی"
    },
    "syria": {
      "rank": 0,
      "name": "سوریه 🇸🇾",
      "gov": "جمهوری",
      "lang": "عربی",
      "religion": "اسلام سنی"
    },
    "qatar": {
      "rank": 0,
      "name": "قطر 🇶🇦",
      "gov": "سلطنت مطلقه",
      "lang": "عربی",
      "religion": "اسلام سنی"
    },
    "iran": {
      "rank": 1,
      "name": "ایران 🇮🇷",
      "gov": "اسلامی",
      "lang": "فارسی",
      "religion": "اسلام شیعه"
    },
    "jordan": {
      "rank": 0,
      "name": "اردن 🇯🇴",
      "gov": "سلطنتی",
      "lang": "عربی",
      "religion": "اسلام سنی"
    },
    "oman": {
      "rank": 0,
      "name": "عمان 🇴🇲",
      "gov": "سلطنتی",
      "lang": "عربی",
      "religion": "اسلام اباضی"
    },
    "mongolia": {
      "rank": 0,
      "name": "مغولستان 🇲🇳",
      "gov": "جمهوری پارلمانی",
      "lang": "مغولی",
      "religion": "بی‌طرف رسمی"
    },
    "saudi_arabia": {
      "rank": 1,
      "name": "عربستان سعودی 🇸🇦",
      "gov": "سلطنت مطلقه",
      "lang": "عربی",
      "religion": "اسلام سنی (وهابی)"
    },
    "thailand": {
      "rank": 0,
      "name": "تایلند 🇹🇭",
      "gov": "سلطنت مشروطه",
      "lang": "تایلندی",
      "religion": "بودیسم تراوادا"
    },
    "myanmar": {
      "rank": 0,
      "name": "میانمار 🇲🇲",
      "gov": "نظامی",
      "lang": "برمه‌ای",
      "religion": "بی‌طرف رسمی"
    },
    "japan": {
      "rank": 2,
      "name": "ژاپن 🇯🇵",
      "gov": "سلطنت مشروطه",
      "lang": "ژاپنی",
      "religion": "بی‌طرف رسمی (شینتو و بودیسم)"
    },
    "turkey": {
      "rank": 2,
      "name": "ترکیه 🇹🇷",
      "gov": "جمهوری",
      "lang": "ترکی استانبولی",
      "religion": "بی‌طرف رسمی (اسلام سنی)"
    },
    "south_korea": {
      "rank": 1,
      "name": "کره جنوبی 🇰🇷",
      "gov": "جمهوری",
      "lang": "کره‌ای",
      "religion": "بی‌طرف رسمی"
    },
    "north_korea": {
      "rank": 0,
      "name": "کره شمالی 🇰🇵",
      "gov": "حزب واحد (کمونیستی)",
      "lang": "کره‌ای",
      "religion": "الحادی رسمی"
    },
    "israel": {
      "rank": 1,
      "name": "اسرائیل 🇮🇱",
      "gov": "جمهوری پارلمانی",
      "lang": "عبری",
      "religion": "یهود"
    },
    "india": {
      "rank": 2,
      "name": "هند 🇮🇳",
      "gov": "جمهوری فدرال",
      "lang": "هندی / انگلیسی",
      "religion": "بی‌طرف رسمی (هندو اکثریت)"
    },
    "pakistan": {
      "rank": 1,
      "name": "پاکستان 🇵🇰",
      "gov": "جمهوری اسلامی",
      "lang": "اردو / انگلیسی",
      "religion": "اسلام سنی"
    },
    "afghanistan": {
      "rank": 0,
      "name": "افغانستان 🇦🇫",
      "gov": "امارت اسلامی",
      "lang": "دری / پشتو",
      "religion": "اسلام سنی"
    },
    "lebanon": {
      "rank": 0,
      "name": "لبنان 🇱🇧",
      "gov": "جمهوری پارلمانی",
      "lang": "عربی",
      "religion": "بی‌طرف رسمی (اسلام سنی و شیعه، مسیحی)"
    },
    "philippines": {
      "rank": 0,
      "name": "فیلیپین 🇵🇭",
      "gov": "جمهوری",
      "lang": "فیلیپینی / انگلیسی",
      "religion": "مسیحیت کاتولیک"
    },
    "malaysia": {
      "rank": 0,
      "name": "مالزی 🇲🇾",
      "gov": "سلطنت مشروطه فدرال",
      "lang": "مالایی",
      "religion": "اسلام سنی"
    },
    "indonesia": {
      "rank": 0,
      "name": "اندونزی 🇮🇩",
      "gov": "جمهوری",
      "lang": "اندونزیایی",
      "religion": "اسلام سنی"
    },
    "singapore": {
      "rank": 0,
      "name": "سنگاپور 🇸🇬",
      "gov": "جمهوری",
      "lang": "انگلیسی / مالایی / چینی / تامیل",
      "religion": "بی‌طرف رسمی"
    },
    "maldives": {
      "rank": 0,
      "name": "مالدیو 🇲🇻",
      "gov": "جمهوری",
      "lang": "دیوهی",
      "religion": "اسلام سنی"
    },
    "azerbaijan": {
      "rank": 0,
      "name": "آذربایجان 🇦🇿",
      "gov": "جمهوری",
      "lang": "ترکی آذری",
      "religion": "بی‌طرف رسمی (اسلام شیعه اکثریت)"
    },
    "kazakhstan": {
      "rank": 0,
      "name": "قزاقستان 🇰🇿",
      "gov": "جمهوری",
      "lang": "قزاقی / روسی",
      "religion": "بی‌طرف رسمی (اسلام سنی)"
    },
    "kyrgyzstan": {
      "rank": 0,
      "name": "قرقیزستان 🇰🇬",
      "gov": "جمهوری",
      "lang": "قرقیزی",
      "religion": "بی‌طرف رسمی (اسلام سنی)"
    },
    "vietnam": {
      "rank": 0,
      "name": "ویتنام 🇻🇳",
      "gov": "جمهوری سوسیالیستی",
      "lang": "ویتنامی",
      "religion": "الحادی رسمی"
    },
    "cambodia": {
      "rank": 0,
      "name": "کامبوج 🇰🇭",
      "gov": "سلطنت مشروطه",
      "lang": "خمر",
      "religion": "بودیسم تراوادا"
    },
    "laos": {
      "rank": 0,
      "name": "لائوس 🇱🇦",
      "gov": "جمهوری سوسیالیستی",
      "lang": "لائو",
      "religion": "الحادی رسمی"
    },
    "nepal": {
      "rank": 0,
      "name": "نپال 🇳🇵",
      "gov": "جمهوری فدرال",
      "lang": "نپالی",
      "religion": "هندو"
    }
  },
  "europe": {
    "poland": {
      "rank": 0,
      "name": "لهستان 🇵🇱",
      "gov": "جمهوری پارلمانی",
      "lang": "لهستانی",
      "religion": "مسیحیت کاتولیک"
    },
    "czech_republic": {
      "rank": 0,
      "name": "چک 🇨🇿",
      "gov": "جمهوری پارلمانی",
      "lang": "چکی",
      "religion": "بی‌طرف رسمی"
    },
    "switzerland": {
      "rank": 0,
      "name": "سوئیس 🇨🇭",
      "gov": "جمهوری فدرال",
      "lang": "آلمانی / فرانسوی / ایتالیایی / رومانش",
      "religion": "بی‌طرف رسمی"
    },
    "bangladesh": {
      "rank": 0,
      "name": "بنگلادش 🇧🇩",
      "gov": "جمهوری",
      "lang": "بنگالی",
      "religion": "اسلام سنی"
    },
    "moldova": {
      "rank": 0,
      "name": "مولداوی 🇲🇩",
      "gov": "جمهوری",
      "lang": "رومانیایی",
      "religion": "بی‌طرف رسمی (ارتدوکس)"
    },
    "france": {
      "rank": 2,
      "name": "فرانسه 🇫🇷",
      "gov": "جمهوری",
      "lang": "فرانسوی",
      "religion": "بی‌طرف رسمی (کاتولیک سابق)"
    },
    "germany": {
      "rank": 2,
      "name": "آلمان 🇩🇪",
      "gov": "جمهوری فدرال",
      "lang": "آلمانی",
      "religion": "بی‌طرف رسمی (پروتستان / کاتولیک)"
    },
    "uk": {
      "rank": 2,
      "name": "بریتانیا 🇬🇧",
      "gov": "سلطنت مشروطه",
      "lang": "انگلیسی",
      "religion": "بی‌طرف رسمی (انگلیکن سابق)"
    },
    "italy": {
      "rank": 1,
      "name": "ایتالیا 🇮🇹",
      "gov": "جمهوری",
      "lang": "ایتالیایی",
      "religion": "بی‌طرف رسمی (کاتولیک)"
    },
    "spain": {
      "rank": 1,
      "name": "اسپانیا 🇪🇸",
      "gov": "سلطنت مشروطه",
      "lang": "اسپانیایی",
      "religion": "بی‌طرف رسمی (کاتولیک)"
    },
    "portugal": {
      "rank": 0,
      "name": "پرتغال 🇵🇹",
      "gov": "جمهوری",
      "lang": "پرتغالی",
      "religion": "بی‌طرف رسمی (کاتولیک)"
    },
    "greece": {
      "rank": 0,
      "name": "یونان 🇬🇷",
      "gov": "جمهوری",
      "lang": "یونانی",
      "religion": "بی‌طرف رسمی (ارتدوکس)"
    },
    "hungary": {
      "rank": 0,
      "name": "مجارستان 🇭🇺",
      "gov": "جمهوری پارلمانی",
      "lang": "مجاری",
      "religion": "بی‌طرف رسمی (کاتولیک)"
    },
    "albania": {
      "rank": 0,
      "name": "آلبانی 🇦🇱",
      "gov": "جمهوری",
      "lang": "آلبانیایی",
      "religion": "بی‌طرف رسمی (اسلام سنی / کاتولیک)"
    },
    "romania": {
      "rank": 0,
      "name": "رومانی 🇷🇴",
      "gov": "جمهوری",
      "lang": "رومانیایی",
      "religion": "بی‌طرف رسمی (ارتدوکس)"
    },
    "bulgaria": {
      "rank": 0,
      "name": "بلغارستان 🇧🇬",
      "gov": "جمهوری",
      "lang": "بلغاری",
      "religion": "بی‌طرف رسمی (ارتدوکس)"
    },
    "slovenia": {
      "rank": 0,
      "name": "اسلوونی 🇸🇮",
      "gov": "جمهوری",
      "lang": "اسلوونیایی",
      "religion": "بی‌طرف رسمی (کاتولیک)"
    },
    "slovakia": {
      "rank": 0,
      "name": "اسلواکی 🇸🇰",
      "gov": "جمهوری",
      "lang": "اسلواکی",
      "religion": "بی‌طرف رسمی (کاتولیک)"
    },
    "serbia": {
      "rank": 0,
      "name": "صربستان 🇷🇸",
      "gov": "جمهوری",
      "lang": "صربی",
      "religion": "بی‌طرف رسمی (ارتدوکس)"
    },
    "montenegro": {
      "rank": 0,
      "name": "مونته‌نگرو 🇲🇪",
      "gov": "جمهوری",
      "lang": "مونته‌نگرویی / صربی",
      "religion": "بی‌طرف رسمی (ارتدوکس)"
    },
    "belarus": {
      "rank": 0,
      "name": "بلاروس 🇧🇾",
      "gov": "جمهوری",
      "lang": "بلاروسی / روسی",
      "religion": "بی‌طرف رسمی (ارتدوکس)"
    },
    "ukraine": {
      "rank": 1,
      "name": "اوکراین 🇺🇦",
      "gov": "جمهوری",
      "lang": "اوکراینی",
      "religion": "بی‌طرف رسمی (ارتدوکس)"
    },
    "estonia": {
      "rank": 0,
      "name": "استونی 🇪🇪",
      "gov": "جمهوری",
      "lang": "استونیایی",
      "religion": "بی‌طرف رسمی (پروتستان)"
    },
    "latvia": {
      "rank": 0,
      "name": "لتونی 🇱🇻",
      "gov": "جمهوری",
      "lang": "لتونیایی",
      "religion": "بی‌طرف رسمی (پروتستان / کاتولیک)"
    },
    "lithuania": {
      "rank": 0,
      "name": "لیتوانی 🇱🇹",
      "gov": "جمهوری",
      "lang": "لیتوانیایی",
      "religion": "بی‌طرف رسمی (کاتولیک)"
    },
    "denmark": {
      "rank": 0,
      "name": "دانمارک 🇩🇰",
      "gov": "سلطنت مشروطه",
      "lang": "دانمارکی",
      "religion": "بی‌طرف رسمی (پروتستان لوتری)"
    },
    "norway": {
      "rank": 0,
      "name": "نروژ 🇳🇴",
      "gov": "سلطنت مشروطه",
      "lang": "نروژی",
      "religion": "بی‌طرف رسمی (پروتستان)"
    },
    "sweden": {
      "rank": 0,
      "name": "سوئد 🇸🇪",
      "gov": "سلطنت مشروطه",
      "lang": "سوئدی",
      "religion": "بی‌طرف رسمی (پروتستان)"
    },
    "finland": {
      "rank": 0,
      "name": "فنلاند 🇫🇮",
      "gov": "جمهوری",
      "lang": "فنلاندی / سوئدی",
      "religion": "بی‌طرف رسمی (پروتستان / ارتدوکس)"
    },
    "iceland": {
      "rank": 0,
      "name": "ایسلند 🇮🇸",
      "gov": "جمهوری",
      "lang": "ایسلندی",
      "religion": "بی‌طرف رسمی (پروتستان)"
    },
    "ireland": {
      "rank": 0,
      "name": "ایرلند 🇮🇪",
      "gov": "جمهوری",
      "lang": "انگلیسی / ایرلندی",
      "religion": "بی‌طرف رسمی (کاتولیک)"
    },
    "monaco": {
      "rank": 0,
      "name": "موناکو 🇲🇨",
      "gov": "سلطنت مشروطه",
      "lang": "فرانسوی",
      "religion": "کاتولیک"
    },
    "liechtenstein": {
      "rank": 0,
      "name": "لیختن‌اشتاین 🇱🇮",
      "gov": "سلطنت مشروطه",
      "lang": "آلمانی",
      "religion": "کاتولیک"
    },
    "andorra": {
      "rank": 0,
      "name": "آندورا 🇦🇩",
      "gov": "شاهزاده‌نشین",
      "lang": "کاتالان",
      "religion": "کاتولیک"
    },
    "san_marino": {
      "rank": 0,
      "name": "سن‌مارینو 🇸🇲",
      "gov": "جمهوری",
      "lang": "ایتالیایی",
      "religion": "کاتولیک"
    },
    "georgia": {
      "rank": 0,
      "name": "گرجستان 🇬🇪",
      "gov": "جمهوری",
      "lang": "گرجی",
      "religion": "بی‌طرف رسمی (ارتدوکس)"
    }
  },
  "africa": {
    "egypt": {
      "rank": 0,
      "name": "مصر 🇪🇬",
      "gov": "جمهوری",
      "lang": "عربی",
      "religion": "اسلام سنی"
    },
    "algeria": {
      "rank": 1,
      "name": "الجزایر 🇩🇿",
      "gov": "جمهوری",
      "lang": "عربی",
      "religion": "اسلام سنی"
    },
    "ghana": {
      "rank": 0,
      "name": "غنا 🇬🇭",
      "gov": "جمهوری",
      "lang": "انگلیسی",
      "religion": "بی‌طرف رسمی (مسیحیت و اسلام)"
    },
    "libya": {
      "rank": 0,
      "name": "لیبی 🇱🇾",
      "gov": "دولت موقت",
      "lang": "عربی",
      "religion": "اسلام سنی"
    },
    "zambia": {
      "rank": 0,
      "name": "زامبیا 🇿🇲",
      "gov": "جمهوری",
      "lang": "انگلیسی",
      "religion": "بی‌طرف رسمی (مسیحیت)"
    },
    "tanzania": {
      "rank": 0,
      "name": "تانزانیا 🇹🇿",
      "gov": "جمهوری",
      "lang": "سواحیلی / انگلیسی",
      "religion": "بی‌طرف رسمی (مسیحیت و اسلام)"
    },
    "morocco": {
      "rank": 0,
      "name": "مراکش 🇲🇦",
      "gov": "سلطنتی",
      "lang": "عربی / بربری",
      "religion": "اسلام سنی"
    },
    "ivory_coast": {
      "rank": 0,
      "name": "ساحل عاج 🇨🇮",
      "gov": "جمهوری",
      "lang": "فرانسوی",
      "religion": "بی‌طرف رسمی (مسیحیت و اسلام)"
    }
  },
  "america": {
    "usa": {
      "rank": 3,
      "name": "ایالات متحده 🇺🇸",
      "gov": "جمهوری فدرال",
      "lang": "انگلیسی",
      "religion": "بی‌طرف رسمی"
    },
    "brazil": {
      "rank": 1,
      "name": "برزیل 🇧🇷",
      "gov": "جمهوری فدرال",
      "lang": "پرتغالی",
      "religion": "بی‌طرف رسمی (کاتولیک)"
    },
    "canada": {
      "rank": 1,
      "name": "کانادا 🇨🇦",
      "gov": "سلطنت مشروطه فدرال",
      "lang": "انگلیسی / فرانسوی",
      "religion": "بی‌طرف رسمی"
    },
    "chile": {
      "rank": 0,
      "name": "شیلی 🇨🇱",
      "gov": "جمهوری",
      "lang": "اسپانیایی",
      "religion": "بی‌طرف رسمی (کاتولیک)"
    },
    "uruguay": {
      "rank": 0,
      "name": "اروگوئه 🇺🇾",
      "gov": "جمهوری",
      "lang": "اسپانیایی",
      "religion": "بی‌طرف رسمی (کاتولیک)"
    },
    "argentina": {
      "rank": 0,
      "name": "آرژانتین 🇦🇷",
      "gov": "جمهوری",
      "lang": "اسپانیایی",
      "religion": "بی‌طرف رسمی (کاتولیک)"
    },
    "paraguay": {
      "rank": 0,
      "name": "پاراگوئه 🇵🇾",
      "gov": "جمهوری",
      "lang": "اسپانیایی / گوارانی",
      "religion": "بی‌طرف رسمی (کاتولیک)"
    },
    "peru": {
      "rank": 0,
      "name": "پرو 🇵🇪",
      "gov": "جمهوری",
      "lang": "اسپانیایی",
      "religion": "بی‌طرف رسمی (کاتولیک)"
    },
    "bolivia": {
      "rank": 0,
      "name": "بولیوی 🇧🇴",
      "gov": "جمهوری چندملیتی",
      "lang": "اسپانیایی / زبان‌های بومی",
      "religion": "بی‌طرف رسمی (کاتولیک)"
    }
  },
  "australia": {
    "australia": {
      "rank": 1,
      "name": "استرالیا 🇦🇺",
      "gov": "سلطنت مشروطه",
      "lang": "انگلیسی",
      "religion": "بی‌طرف رسمی (مسیحیت)"
    }
  }
}
