{
  "religion": {
    "Islam": "اسلام 🕌",
    "Christianity": "مسیحیت ✝️",
    "Judaism": "یهودیت ✡️",
    "Buddhism": "بودایی ☸️",
    "Hinduism": "هندو 🕉️",
    "Sikhism": "سیک 🪯",
    "Atheism": "آتئیسم 🚫",
    "Shinto": "شینتو ⛩️",
    "Taoism": "تائو ☯️",
    "Confucianism": "کنفوسیوسیسم 📜"
  },
  "governments": {
    "Republic": "جمهوری 🏛️",
    "Democracy": "دموکراسی 🗳️",
    "Federalism": "فدرالیسم 🗺️",
    "Fascism": "فاشیسم ⚔️",
    "Communism": "کمونیسم 🔴",
    "Monarchy": "مونارشی 👑",
    "Socialism": "سوسیالیسم ✊",
    "Theocracy": "تئوکراسی ⛪",
    "Dictatorship": "دیکتاتوری 🪖",
    "Oligarchy": "الیگارشی 🧠"
  },
  "ranks": {
    "rank0": "ساده 🟢",
    "rank1": "قدرت منطقه‌ای 🟡",
    "rank2": "قدرت بزرگ 🔵",
    "rank3": "ابرقدرت 🔴"
  }
}
